{
    "ATime": {
        "19:51": "19:51"
    },
    "Call_Decay": {
        "19:51": 20.01
    },
    "Max Pain": {
        "19:51": 10300.0
    },
    "PCR": {
        "19:51": 1.0328542383374488
    },
    "Put_Decay": {
        "19:51": -405.4866666666666
    },
    "Underlying": {
        "19:51": 8745.45
    }
}