{
    "ATime": {
        "14:42": "14:42",
        "14:45": "14:45",
        "14:48": "14:48",
        "14:54": "14:54"
    },
    "Call_Decay": {
        "14:42": -87.74333333333331,
        "14:45": -89.71666666666668,
        "14:48": -89.75333333333334,
        "14:54": -89.47999999999999
    },
    "Max Pain": {
        "14:42": 10000.0,
        "14:45": 10000.0,
        "14:48": 10000.0,
        "14:54": 10000.0
    },
    "PCR": {
        "14:42": 0.8233491767848043,
        "14:45": 0.823393330327986,
        "14:48": 0.8215242183706782,
        "14:54": 0.822441422179117
    },
    "Put_Decay": {
        "14:42": 799.6799999999998,
        "14:45": 821.6600000000001,
        "14:48": 819.9066666666669,
        "14:54": 821.6966666666665
    },
    "Underlying": {
        "14:42": 7764.9,
        "14:45": 7706.7,
        "14:48": 7713.3,
        "14:54": 7705.65
    }
}